id,platform,business_name,business_type,content,rating,date,year,month,sentiment,labels,word_count
ctrip_001,携程/Trip.com,珠海桂山岛桂语香山酒店,住宿,房间干净卫生，老板特别友好，像自己家人一样热情。特别喜欢他的阳台房家人朋友聚特别适合，酒店门口有个超大平台，老板还种有蔬菜，很有家的感觉，门口的茶台太实用了，门口几个人在那泡茶实在写意，地理位置也十分好，去哪都方便。,10.0,2026-05-26,2026,5,positive,G03,108
ctrip_002,携程/Trip.com,珠海桂山岛桂语香山酒店,住宿,带家人来桂山岛玩，套房订满了只能订几个单间，提前跟前台沟通还可以安排住的近一些。房间还会提前开好空调，卫生也收拾得很干净，床品柔软，孩子睡得安稳。服务人员待人温和，周边吃饭方便，环境安静不嘈杂，性价比在线。,10.0,2026-06-12,2026,6,positive,G04,103
ctrip_003,携程/Trip.com,珠海桂山岛桂语香山酒店,住宿,位置很方便，离7-11、桂小包还有餐厅很近，进房间第一感受就是干净，房间打扫细致，卫生间也是干湿分离的，前台工作人员态度温和有耐心，会提前询问航班时间，到了之后有车接，非常省心。,10.0,2026-06-12,2026,6,negative,B05,89
ctrip_004,携程/Trip.com,珠海桂山岛桂语香山酒店,住宿,【差评】就是农民做的招待所水平。收我1100一晚的房费，这个评价就是回馈给酒店的。酒店回复：节假日房源紧张，海島成本高，没能让您觉得物超所值。,2.5,2026-05-04,2026,5,positive,G04,71
ctrip_005,携程/Trip.com,珠海桂山岛桂语香山酒店,住宿,同家人去桂山岛玩两天，酒店地理位置比较优越，离码头、沙滩、网红打卡点桂小包、斑马线都比较近，而且酒店还安排了码头接送，前台小姐姐和阿姨都比较热情有礼貌，中途发生小插曲都积极解决。,10.0,2026-04-04,2026,4,neutral,B05|G03,89
ctrip_006,携程/Trip.com,珠海桂山岛桂语香山酒店,住宿,房间宽敞，整体住的挺舒适的，跟朋友三人出游，难得找到有三张床一间房的，环境卫生也还不错。晚上睡觉也挺安静的。,9.0,2026-06-04,2026,6,neutral,,54
ctrip_007,携程/Trip.com,珠海桂山岛智选假日酒店,住宿,酒店位置十分便利，就在码头100米不到，订的海景房可以看到外面大海的景观，非常惬意。房间大而干净，前台服务员小陈热情周到，安排细致。酒店性价比非常高。（综合评分9.5/10，2205条评价）,10.0,2026-06-16,2026,6,positive,B05|G03|G04,95
ctrip_008,携程/Trip.com,珠海桂山岛智选假日酒店,住宿,房间收拾得干净整洁，整体环境安静舒适，地理位置优越，出行十分方便。管家小陈服务更是贴心细致，入住惊喜免费升级房型，出行需要帮忙找寻电动车也全力协助，还贴心允许延迟一小时退房。,10.0,2026-06-05,2026,6,neutral,B05|G03,87
ctrip_009,携程/Trip.com,珠海桂山岛智选假日酒店,住宿,我们订的是海景房间，入住时前台帮我们升级了房型，有阳台，风景非常漂亮，无遮挡海景。我们来桂山岛三次了，前两次都是在山上住民宿，地理位置不太方便。这次定这间酒店轮渡一出来就是，就在海边。附近有一间餐厅叫湘粤情特别好吃。,10.0,2026-06-01,2026,6,positive,G01|G02,108
ctrip_010,携程/Trip.com,珠海桂山岛智选假日酒店,住宿,距离码头两步路，不需要上大斜坡，超级方便！房内很大，小朋友住得很舒服！早餐也很丰富，菜品添加及时。享精美旅拍1次：小哥哥情绪价值满满！专业，也很出片。,10.0,2026-06-20,2026,6,positive,B05|G01|G04,75
ctrip_011,携程/Trip.com,珠海桂山岛智选假日酒店,住宿,已经第二次入住酒店，整体超出预期，这次入住酒店前台帮忙升级了，房间很大，干净无异味，配套完善，小玉服务贴心细致，性价比拉满！还有酒店餐厅的出品味道都很好，就餐环境也很舒适，每天我们在对面买海鲜回去酒店加工，价格稍微贵点，但服务和味道还是很值！,10.0,2026-05-27,2026,5,negative,A01|B05|D01|G03|G04,121
ctrip_012,携程/Trip.com,珠海桂山岛智选假日酒店,住宿,【建议改进】少量客人建议酒店改善前台和服务人员的态度，尤其是面对客人需求时缺乏耐心和人情味；此外，新酒店的装修异味和房间隔音效果不佳也是客人反映较多的问题。,7.0,2026-05-01,2026,5,negative,A01|B06,78
ctrip_013,携程/Trip.com,珠海桂山岛智选假日酒店,住宿,环境没得说，位置非常好，斜对面就是渡轮码头，直线不到100米。酒店下面就可以吃饭，一条街都是各种餐厅茶餐厅，斜对面还是海鲜市场。房间很大，免费升级了房间。可以改进的是浴室少了一些挂钩。,9.2,2026-05-28,2026,5,neutral,,92
ctrip_014,携程/Trip.com,珠海桂山岛智选假日酒店,住宿,房间够大，特别是浴室相当大，占了整间房的一半。阳台外面就是无敌海景，非常赞。离码头、桂小白都是几步路。早餐尚可，更偏中式，有现煮的粉面。,9.2,2026-07-11,2026,7,negative,B05,68
ctrip_015,携程/Trip.com,珠海桂山岛蓝色海岸民宿,住宿,房间挺好的，家庭亲子游很舒适，距离附近的网红打卡景点都很近，来回码头也有专车接送，服务很周到，好评哦。（综合评分4.7/5，192条点评）,5.0,2026-05-09,2026,5,positive,G03,69
ctrip_016,携程/Trip.com,珠海桂山岛蓝色海岸民宿,住宿,【差评】客观的评价：整体外面户外环境是好的，室内环境是真的不行。450块住10平米，行李都没地方放，天天被外面的小孩和大人吵闹声吵到，隔音和私隐非常差，室内会有蚊子。总之除了住的难受，外面其他还行。,2.1,2026-03-29,2026,3,negative,B02|B05|B06,99
ctrip_017,携程/Trip.com,珠海桂山岛蓝色海岸民宿,住宿,【差评】酒店设施一般，假期出行价格偏贵，性价比低，建议平时周末去。酒店地方位于岛上核心区，距离港口近，吃饭、出行都比较方便。,3.5,2026-05-06,2026,5,neutral,D01|G04,62
ctrip_018,携程/Trip.com,珠海桂山岛蓝色海岸民宿,住宿,这间民宿还是有惊喜的，设备挺新也挺干净，但是室内通风不够空气不清新，总体上还是满意。但是民宿送下午茶餐小哥的业务水平很差，送餐时在无敲门的情况下竟然会拉我们房间的门把手触发门锁警报，当时确实受到惊吓。,4.3,2025-10-03,2025,10,negative,B05,100
ctrip_019,携程/Trip.com,珠海桂山岛蓝色海岸民宿,住宿,老板免费帮我们升级了房间，房间挺大，挺干净，有电瓶车免费接送到码头，老板也很好，周边拍照也很出片，非常满意。,5.0,2026-02-02,2026,2,neutral,,54
ctrip_020,携程/Trip.com,珠海桂山岛蓝色海岸民宿,住宿,民宿有码头接送站服务，还可以行李寄存，出行非常方便。房间干净整洁，设施很全。服务态度很好，也很贴心，还给了岛上游玩攻略和租车联系方式。总体很推荐这家！,5.0,2025-12-27,2025,12,positive,G02|G03,75
ctrip_一方小院_002,携程,一方小院,住宿,"It was absolutely wonderful! They picked me up from the station. The room was incredibly clean, and the decor was simple yet elegant. The terrace was perfect for taking photos, and there was even a small table to sit on. The owners were also very kind. I was tired from staying up late and wanted to sleep in a bit longer, so the owners generously allowed me to check out two hours late. It's truly a gem of a guesthouse; I'll definitely choose this place again next time.",5.0,2025-12-07,2025,12,neutral,,472
ctrip_021,携程,桂山岛一方小院,住宿,很喜欢的民宿，房间卫生很好。很安静很惬意，服务很好，接送站，帮运行李，推荐吃喝和游玩路线。2025年开业，综合评分4.9/5（61条评价），'装修简约漂亮，房间干净整洁'。,4.9,2025-12-01,2025,12,positive,G01|G02,86
ctrip_022,携程,桂山岛2127贰楼民宿,住宿,先说优点：民宿还不错，楼下是咖啡馆，窗外能看到海，服务也好，可以从码头接人，可以寄存行李，还帮忙把行李送到码头。美中不足：民宿在半山腰，出去玩下山没啥感觉，回来要爬坡很累。综合评分4.8/5（24条评价）。,4.8,2025-06-15,2025,6,positive,G01,103
ctrip_026,携程,珠海半山石筑民宿(桂山岛店),住宿,2019年开业，综合评分4.8/5（127条评价）。坐落于香洲区桂山镇桂山村爱民路，位置优越。,4.8,2025-06-15,2025,6,neutral,,47
ctrip_逸海居民宿_003,携程,逸海居民宿,住宿,#位置交通民宿出來就是愛民路，離商業區很近，非常方便。#房間景觀定的海景套房，在陽台就能看到海🤩民宿小院設計很可愛，有露台（海景）配套桌椅，如果是和朋友一起，晚上可以在露台聊天小酌吃東西。#服務民宿老闆超級好，會給非常詳細的遊玩攻略和景區地圖。有什麼需要回復消息也非常快。退房後寄存行李，還可以幫忙送行李到碼頭！下次來還住這兒~,5.0,2026-02-08,2026,2,negative,B05,164
ctrip_伴山伴海民宿_004,携程,伴山伴海民宿,住宿,這次假期出遊定的房間超預期。房東提前聯繫接站。房間衞生，設施齊全，房間所在位置也不錯，去哪都方便，全靠腳。可以存放行李，還可以把行李送到港口碼頭。這次住宿很滿意。,5.0,2026-02-21,2026,2,neutral,,81
ctrip_闲云居精品民宿_002,携程,闲云居精品民宿,住宿,"Come and have a look! First of all, Ctrip wrote that there is a pick-up service, but when I called, no one came to pick me up. Instead, a woman called and told me to walk over for about 3 minutes. Her tone was very impatient! After walking over, I searched for a long time before I found the sign in the first picture, and then there were the corridor and elevator inside. There are big flying cockroaches in the corridor, so be careful! Secondly, the hotel's kettle was rusty, and the hotel's escape window was very small, so you couldn't climb out at all. Only children could climb out. The toilet is very noisy at night, and you can hear the people taking a shower in the next room very clearly. The sound insulation is also very poor at night. Some people are still watching 'Empresses in the Palace' and there are children running around. The sound insulation is very, very, very poor! Moreover, this woman's service attitude was very bad. When she was getting toilet paper, she questioned me, 'Didn't you get it during the day? Why did you use it up so quickly?' Can't you use tissues when you have your period? There was no hand soap or laundry detergent in the room, but there was some at the front desk. I went to get it from the front desk (also the same woman), and she asked me to bring it back to her after use. The service attitude was really bad! It was not until the next day that I saw a male butler. This man was quite polite and spoke more pleasantly! We are all women, why make things so difficult for others? The room is very bad, it's a rental house, not a hotel or a B&B. I really don't recommend booking this one! The lock of the room is not very secure. I suggest you buy something online that can check if there is any surveillance/camera. Avoid lightning!",1.0,2025-05-02,2025,5,neutral,,1782
ctrip_伴山伴海民宿_008,携程,伴山伴海民宿,住宿,民宿一出來就是愛民路，拍照特別出片!老闆人很熱情特別好,5.0,2025-05-25,2025,5,neutral,,27
ctrip_闲云居精品民宿_003,携程,闲云居精品民宿,住宿,"Extremely dissatisfied with this stay. 1) The hotel is advertised as being about 250 meters from the pier. I know there are many hotels and guesthouses on Guishan Island, but because an elderly person in our group has mobility issues, we specifically booked one closer to the pier. However, the Zenwood Villa is also located halfway up the mountain! Normally, we have to walk up 5 floors, but this was at least 7-8 floors, and we were carrying several suitcases. We didn't want to come down! The signs were also unclear, making it easy to get lost! At least there should be some indication on the booking page; otherwise, it's like misleading the customer. The front desk even questioned why we hadn't called to confirm. 2) Poor hygiene. A guest's tissues in the bathroom weren't properly cleaned, and there were stains and rat droppings on the walls and corners of the lobby. 3) We booked a three-bedroom villa, but it was actually a four-bedroom villa sold separately. This meant sharing with other guests, which was one thing, but it was baffling that someone else's room key could open my room door in the lobby. Later, we discovered that the Zenwood four-bedroom and three-bedroom villas were in the same villa; they just sold whichever was more popular! 4) The room door was locked after 9:00 PM and there was no room key. I called the front desk and was told that everyone at the hotel had left at 8:00 PM???? Even if guests check in early, there should at least be one person on duty! 5) Regarding security, the master key is somewhere near the villa entrance. Nearby residents could easily find it. Moreover, the villa and the hillside are shared with other hotels and residents, with absolutely no security guards or doormen. Anyone can come and go as they please, yet they dare to leave the room key like that!",1.0,2024-04-06,2024,4,neutral,,1821
ctrip_屿海居_005,携程,屿海居,住宿,房間乾淨整潔，安靜舒適，日用品齊全。老闆夫婦倆非常有愛和善，接送我們來回碼頭和民宿，島上的資訊也非常樂意給我們分享，讓我們少走彎路。期待下一次旅程再相遇！,5.0,2026-06-21,2026,6,neutral,,77
ctrip_屿海居_001,携程,屿海居,住宿,出發前一天晚上店家就已經主動加微信，問我第二天的行程，確定好了接船的時間。一下船就馬上上車抵達酒店辦好了入住，進到房間發現店家也早就開好了空調。在三十多度的大太陽下能夠快速進入到空調房，真的很難不愛！酒店出來就有三角梅和各種特色的小裝飾，可以馬上拍拍拍！店家還會推薦一些本地人愛的飯店，沒有一家踩雷的！有什麼也可以隨時與店家溝通，很爽快很貼心！而且酒店還隨機刷新貓貓店員！是一次很好的體驗,5.0,2026-06-01,2026,6,negative,B05,194
ctrip_闲云居精品民宿_006,携程,闲云居精品民宿,住宿,"好
衞生：好
環境：好
服務：好好
設施：好酒店靠近海邊，下樓就是海鮮市場，還有很多便利店，離碼頭近11。z........………好",5.0,2026-05-31,2026,5,neutral,,66
ctrip_伴山伴海民宿_009,携程,伴山伴海民宿,住宿,酒店乾淨衞生，設施齊全，離碼頭很近，老闆人很好，親自開車接送。,5.0,2026-05-21,2026,5,neutral,,31
ctrip_闲云居精品民宿_008,携程,闲云居精品民宿,住宿,剛開始訂的特價房，來到對比了一下海景房，果斷選擇補差價入住，房間採光和視野都很好，乾淨整潔、設施齊全好用，環境安靜雅緻。前台熱情周到，辦理入住退房都很快，離碼頭很近，去各個景點打卡都很方便，整體體驗超出預期，強烈推薦！,5.0,2026-03-12,2026,3,positive,G03,109
ctrip_闲云居精品民宿_009,携程,闲云居精品民宿,住宿,民宿外觀古樸典雅，內部裝修精緻用心。房間的隔音效果超棒，晚上睡得特別安穩。民宿周邊配套也很完善，一踏入這家民宿，就被它獨特的風格吸引。房間採光很好，心情都格外舒暢。補了差價升級房間，環境清幽，遠離城市，是放鬆身心的好去處。整體體驗感十足，必須五星好評！,5.0,2026-03-06,2026,3,negative,B06,126
ctrip_逸海居民宿_001,携程,逸海居民宿,住宿,老闆是年輕夫婦，有接送服務，房間我們是訂的家庭套房，視野開闊，可以看到大海，燈塔。老闆還推送了桂山島遊玩攻略，對新手很實用。房間寬敞乾淨。當天退房後還可以寄放行李，走的時候提前給老闆説一聲，老闆娘親自送行李到港口。別的沒得説，必須好評一下！,5.0,2026-07-08,2026,7,neutral,,120
ctrip_听涛居客栈_001,携程,听涛居客栈,住宿,"The owners are cooperative
Can stay once",2.5,2023-10-05,2023,10,neutral,,40
ctrip_听涛居客栈_002,携程,听涛居客栈,住宿,The hotel environment is very good. You can enjoy the sea view from the corridor. There is also a small platform where you can sit and drink tea and swing. The room is very clean and the facilities are complete. The most important thing is that the sister at the front desk is very kind and amiable. It feels very comfortable. I will stay here again next time I come to play.,4.0,2024-05-14,2024,5,neutral,,375
ctrip_听涛居客栈_003,携程,听涛居客栈,住宿,It stinks as soon as I get there. I wanted to vomit and just turn around and leave. But I couldn't check out. It was the worst experience ever. Big and small cockroaches were running around everywhere. There were small bugs crawling on the bed. It was really scary. There was the sound of mahjong at night. The bed creaked when I slept. The bed was too hard. I woke up with a terrible backache the next day. It's rubbish. Avoid it. It costs more than 700 a night. It's really rubbish.,1.0,2024-05-02,2024,5,neutral,,484
ctrip_屿海居_008,携程,屿海居,住宿,店家夫妻都很好人，有個很可愛的寶寶，還有幾衹小貓咪，開着黃色奧迪過來接我們上去酒店🏨，服務態度也很好，走的時候也送我們下去，酒店房間面積很大，衞生也棒棒的。有陽台，可以直接看到海，很滿意，推薦👍🏻,5.0,2025-08-31,2025,8,negative,B05,98
ctrip_2127贰楼民宿_001,携程,2127贰楼民宿,住宿,"The place was very clean, the environment was beautiful, the air conditioning was super cool, the location was convenient, and it was easy to get around. The shuttle bus service was also very convenient. I recommend this guesthouse.",5.0,2025-08-31,2025,8,neutral,,232
ctrip_少女小渔民宿_003,携程,少女小渔民宿,住宿,入住體驗很棒，海景露台很漂亮出片，床很舒服，佈局很温馨，旁邊就是網紅打卡點愛民路，風景很好，還有碼頭接送，最後走的時候還能幫忙送行李到碼頭，非常滿意，好評。,5.0,2026-01-30,2026,1,positive,G01,78
ctrip_屿海居_002,携程,屿海居,住宿,"在島上的這兩天，因為這家民宿，旅行變得更舒服了。房間收拾得很乾凈，空間也夠大，陽台的海景是最大的驚喜，坐在那裡吹吹風，就覺得特別治癒。
老闆的照顧很貼心，恰到好處的周到，會給我們推薦當地好吃的小店，提醒我們出行的注意事項，讓人感覺很温暖。
民宿外面的風景也很好，隨手拍都很好看。很滿意這次的入住，希望老闆生意越來越好，下次來還住這裏。",5.0,2026-04-05,2026,4,positive,B05|G01|G02|G03,167
ctrip_2127贰楼民宿_002,携程,2127贰楼民宿,住宿,"先説優點：民宿還不錯，樓下是咖啡館，窗外能看到海，服務也好，可以從碼頭接人，可以寄存行李，還幫忙把行李送到碼頭。
美中不足：民宿在半山腰，出去玩下山沒啥感覺，回來要爬山有點累，不能爬山的人要慎選。窗外確實能看到海，但看過去隔着很多屋頂，觀感一般。
最後，提醒一下，民宿是中午12點退房，如果你的客船班次是下午的話，民宿是不可能延遲退房的，你要自己要找地方休息，島上中午太陽很烈，如果想延遲到下午2點退房，最好找連鎖酒店，當然，如果島上有連鎖酒店的話。",3.5,2026-04-13,2026,4,positive,G01,225
ctrip_伴山伴海民宿_003,携程,伴山伴海民宿,住宿,"房間很滿意，床鋪整潔乾淨，柔軟舒服，大小也很好，兩個女生睡完全沒問題，很適合小姐妹一起出遊預訂，房間還有麻將機，娛樂活動都有了嘿，齊活🌹
房間外面有陽台，晚上換洗衣服一洗還能晾曬，不要太方便哦
老闆也有貼心服務，導航不太準給電話過去都會很耐心講解👍也可以選擇到碼頭接，步行的話距離也不遠的",5.0,2025-07-27,2025,7,negative,B05,144
ctrip_屿海居_006,携程,屿海居,住宿,房間的視野超棒！去年是十一來的，今年特地選了暑假初期來體驗，老闆房間重新調整了一下誒！裝修風格還是非常的喜歡！一如既往的都有接送服務溝通也非常順暢！後續衹要來桂山島一定首選老闆家！,5.0,2025-07-06,2025,7,neutral,,90
ctrip_雅石缘民宿_008,携程,雅石缘民宿,住宿,非常滿意的一次出行住宿，房間很乾凈舒適，一看就是用心打理的民宿。推薦帶小朋友的家庭入住👍公公婆婆很熱情好客呢～再去桂山島玩的話，繼續光顧，呵呵,5.0,2025-10-21,2025,10,negative,B05,71
ctrip_屿海居_007,携程,屿海居,住宿,"環境真好，第二次來了，温馨。
老闆也很好，熱情好客，衞生乾淨，位置也好，賓至如歸，有機會還會再訂這裏。",5.0,2025-10-03,2025,10,neutral,,51
ctrip_屿海居_009,携程,屿海居,住宿,挺不錯的，窗外就是風景，如果是晴天應該會更好看，不過雨天也很好看啦！房間也很乾凈整潔！性價比很高，主要是房東人也很好，推薦！,5.0,2025-04-05,2025,4,positive,G01,62
ctrip_心语民宿_002,携程,心语民宿,住宿,房間很乾凈整潔 住得很舒服,5.0,2025-04-20,2025,4,neutral,,13
ctrip_伴山伴海民宿_002,携程,伴山伴海民宿,住宿,環境就是民房簡單乾淨。衞生方面真的挺乾淨，重點最好就是老闆人真的好好，服務和人品都非常好，在碼頭包接送。我們去碼頭附近玩，又可以載我們出去。我們環島遊都是請老闆載我們去的。我們足足花了他2多小時，太過意不去了。我們下次再來都選這家民宿。還有我們三個出去玩，有一個朋友不舒服回房，她沒有房卡。老闆在外面，他立馬回去開門給我們朋友。老闆，你真的太好了。,4.8,2025-09-20,2025,9,negative,B05,174
ctrip_一方小院_003,携程,一方小院,住宿,"I'll definitely choose this place again next time I visit Guishan Island. The host is very welcoming and thoughtful. They provide pick-up and drop-off services, recommend restaurants and attractions, and will bring you anything you need right away.",5.0,2025-11-27,2025,11,neutral,,248
ctrip_心语民宿_001,携程,心语民宿,住宿,500多的房間還行，沒有太多服務。周邊環境在施工，比較吵雜。,3.0,2024-08-18,2024,8,negative,B06,30
ctrip_心语民宿_003,携程,心语民宿,住宿,"房間很乾凈。如果不是看了一下最早的訂單是兩年多前的，我還以為是新開的旅館。
民宿在小山坡上，一開門就可以看到大海，往前走十來米就是觀景台，還不在路邊，非常安靜。
去海邊要走一小段坡路，大概五分鐘左右。路上的景色都很適合拍照！拿行李時有電瓶車接送到碼頭，其它時候走走更舒服。",5.0,2023-08-16,2023,8,negative,B05,136
xhs_neg_017,携程,桂山岛上岛民宿,民宿,携程评分3.4分(65条评价)。2021年开业，虽有免费接站、山景房等卖点，但评分处于岛上住宿较低水平。位于桂山镇交通大厦二楼202室。,3.4,,,,neutral,,68
xhs_neg_016,携程,桂山岛听涛居客栈,民宿,携程评分仅3.2分(45条评价)，标签为'环境幽静，很悠闲惬意'，但评分显示住宿体验存在明显不足。2021年装修，位于桂海二路二十一号。,3.2,,,,neutral,,68
heimao_001,黑猫投诉,珠海铂琳顿酒店,住宿,【黑猫投诉-珠海酒店相关】消费者对珠海铂琳顿酒店发起投诉。虽非桂山岛直接投诉，但反映珠海酒店行业存在的服务问题。,,2025-06-15,2025,6,neutral,,56
heimao_002,黑猫投诉,酒店民宿行业(月度红黑榜),住宿,【2026年4月黑猫投诉酒店民宿红黑榜】维也纳酒店房间发霉异味重。该月度榜单反映酒店民宿行业普遍问题，桂山岛部分民宿也存在类似卫生和设施问题。,,2026-05-18,2026,5,negative,A01|B01,71
heimao_003,黑猫投诉,万山群岛海鲜市场(担杆镇),餐饮,【万山群岛海鲜市场投诉相关】有些海鲜档主因为缺斤少两、以次充好、欺客宰客等行为经常被投诉。为了从源头整治海鲜市场经营问题，担杆镇政府鼓励商户自治，成立了行业自治五人小组。桂山岛属于万山群岛，海鲜市场也存在类似问题。,,2024-02-29,2024,2,negative,A05|B05|D01|D03,107
complaint-0096,黑猫投诉,桂山岛观山海酒店,住宿,消费者2023年8月23日在美团预订桂山岛观山海酒店8月26日入住两间房间，总费2096元。因突发情况无法入住，提前一天联系申请退款被拒。美团称‘除了地震否则不能取消’，酒店表示不去住也照收钱。消费者多次沟通无果，质疑‘不可取消’属霸王条款，引用《消费者权益保护法》第四条。截至10月仍未解决。,,2023-08-25,2023,8,neutral,C04|G01,147
complaint-0097,黑猫投诉,桂山岛智选假日酒店(同程旅行平台),住宿,消费者2026年6月26日在同程旅行下单桂山岛智选假日酒店住宿，下单后半小时因身体疾病需要就医。酒店方已同意退款但同程旅行全额退款通过后扣除了消费者费用，没有实际全额退款，被指强制消费霸王条款。涉诉金额132元。同程旅行6月29日称已与用户沟通达成一致。,,2026-06-26,2026,6,negative,B05|C04,127
zhihu_001,知乎,桂山岛海鲜自助餐厅(未具名),餐饮,【排雷！】十一假期去的珠海的桂山岛玩，下午18:00左右去的这家餐厅，120块每人。海鲜种类非常少！！非常少！！白贝、花甲，虾、生蚝、一些海鱼，非常不新鲜！！而且量非常少，让服务员加上一些白贝只是敷衍了事，气死了，吃了半个小时左右就走了，都没拍照！！大家要注意。,1.0,2021-10-03,2021,10,negative,A01|B05|G02,131
zhihu_002,知乎,桂山岛综合攻略,综合,桂山岛费用：交通200，民宿人均200，海鲜人均100，基本五百多一个人。注意事项：1.桂山岛比较小众，平日人不多；2.提前购买船票和住宿，尤其是往返船票；3.岛上交通观光车5-10元/位；4.海鲜推荐桂山蚬、狗爪螺、将军帽；5.餐厅推荐看大排档，江兴雄峰属于老字号；6.去海鲜市场买海鲜去对面加工，去多人去的店，'要宰总不能够宰我一个吧'；7.特产建议找本地渔民购买，避免走坑。,,2023-11-23,2023,11,negative,B05|D01|G02,190
zhihu_003,知乎,桂山岛综合攻略,综合,根据个人游玩经验反馈，并非适合所有人！注意：1.防蚊防晒要准备好，要带拖鞋（海豚湾沙滩砂石赤脚走超痛）；2.禁渔期海鲜不多，价格比市区贵10-15块；3.码头旁边小市场（手信特产街）价格偏贵；4.岛上最高点酒店风景好但距离餐厅码头沙滩较远，交通不便，走路好累；5.北山水库/观景台不推荐，偏远没啥特别，看日出太玄，路暴晒无树荫遮挡；6.点菜注意问下价格（有些写时价的）。,3.0,2020-06-30,2020,6,neutral,B05|D01|G01|G02,185
zhihu_004,知乎,桂山岛综合攻略,综合,网上很多人都在评论桂山岛的吃很坑人，其实我想说，原本就是小岛，何必在意太多。岛内没有外卖。因为吃的店就那几家。很多人都是去小市场买回去加工。,3.5,2018-05-17,2018,5,negative,B05|D01,70
zhihu_005,知乎,桂山岛亲子游攻略,综合,关注'香洲港'公众号，直接在公众号那里预定船票和酒店或者民宿。全程坐船50分钟就到了。亲子游推荐，岛上设施逐步完善中。,,2022-10-12,2022,10,positive,G02,59
zhihu_006,知乎,桂山岛游记,综合,海岛上面有军事基地、灯塔、海鲜市场、妈祖庙，虽说不大但五脏俱全。是一座我非常喜欢的海岛。由于晕船，休整三个小时才开始玩。,4.0,2023-08-20,2023,8,negative,A03|B01|B05|F01,60
zhihu_007,知乎,桂山岛旅游攻略,综合,桂山岛是万山群岛开发最完善、居住人口最多的岛屿。水质清澈，岛上有诸多景点。因此岛上的每一处风光都可以是一个打卡地。,4.0,2021-10-08,2021,10,neutral,,57
gov_001,南方+/政府执法,桂山岛网红餐厅(未具名),餐饮,【珠海'查餐厅'网络直播执法走进桂山岛】2025年6月9日，珠海市市场监督管理局联合珠海万山海洋开发试验区市场监督管理局开展第五期'查餐厅'活动。重点检查操作间、食品储存间、餐具消毒间等重点区域，对环境卫生、从业人员健康管理、食品原料采购、生熟食储存、餐饮具清洗消毒等关键环节进行了全面细致检查。针对检查中发现的问题，执法人员现场提出整改意见，并要求被检餐厅限期整改到位。本次网络直播执法累计吸引近8万人次在线观看。,,2025-06-11,2025,6,neutral,,208
gov_002,南方+/政府执法,桂山岛餐饮商户(未具名),餐饮,【行政处罚】珠海市市场监管局对不符合有关食品生产经营过程要求的食品安全国家标准的违法行为罚款5000元。涉及桂山岛区域餐饮食品安全问题。,,2025-06-15,2025,6,neutral,,68
gov_003,南方+,桂山岛综合,综合,桂山岛是万山群岛中开发最完善、居住人口最多的岛屿，被誉为伶仃洋的一颗'明珠'。每逢周末和节假日，由于靠近珠海市区，众多探访者蜂拥而至。文章关注桂山岛的文旅发展和'文青'文化。,,2025-03-20,2025,3,neutral,,87
gov_004,南方+,桂山岛综合,综合,到2026年，桂山镇基本建成产业旺、生态优、环境美、文化兴、治理善、居民富的示范海岛，成为全省海岛高质量发展标杆，处于全国海岛高质量发展的前列。,,2024-04-11,2024,4,positive,G01,72
gov_005,南方+,桂山岛综合,综合,2026年春节假期，珠海桂山岛凭借暖冬宜人的滨海风光、丰富多彩的新春特色活动，成为大湾区新春度假的热门之选——累计接待上岛游客28665人次，同比增长46.81%。,,2026-02-25,2026,2,neutral,,82
tripadvisor_001,Tripadvisor,桂山岛景区,景点,【差评】真的不值得坐渡轮旅行——珠海有更好的海滩，出租自行车坏了，所以您几乎到处都要走。这个地方仍在建设中。综合评分3.8/5（5条点评）。,2.0,2019-10-31,2019,10,negative,B03|D01|G04,70
tripadvisor_002,Tripadvisor,桂山岛景区,景点,从香洲港坐船到桂山岛大约40分钟左右，千万记得前一天上网预定船票，周末游客很多现场买可能没票。平日一天有三班船。岛上民风纯朴，码头出来左转就是海鲜街，海鲜大多是当地养殖，品质没话说。天气好时建议步行环岛。,4.0,2017-04-23,2017,4,neutral,,102
tripadvisor_003,Tripadvisor,桂山岛景区,景点,桂山岛是远离市区的一座小岛，大老远的和朋友一起坐车过来，玩得很开心，在这里坐了轮船，吃了特色的海鲜。户外扩展运动也很好玩，海滩很干净。唯一的缺憾是觉得海水不怎么干净，不敢下去游泳。,4.0,2014-01-07,2014,1,negative,B05,90
xhs_neg_004,Tripadvisor,桂山岛(整体),景点,真的不值得坐渡轮旅行——珠海有更好的海滩，出租自行车坏了，所以您几乎到处都要走。这个地方仍在建设中。,1.0,2019-10-31,2019,10,negative,B03|D01|G04,50
xhs_neg_005,Tripadvisor,桂山岛(整体),景点,最长的海滩大约150米，垃圾从海湾冲刷上来——尽管清洁工很努力，但你无法避免水里和海滩上的垃圾。我们尝试租的每一辆自行车都需要维修——刹车不好，座垫没有固定好等。文化中心仍在建设中或重新建设中。,2.0,2019-10-01,2019,10,negative,B01,97
xhs_neg_006,Tripadvisor,桂山岛海水浴场,景点,唯一的缺憾是觉得海水不怎么干净，不敢下去游泳。,3.0,2014-01-07,2014,1,neutral,,23
trip_001,Trip.com,桂山岛综合(避坑指南),综合,【带娃桂山岛一日游避坑指南】别租电动车！岛上山路多坡陡，电动车贵且不安全。带娃首选步行+招手即停的观光车(5-10元/次)。慎在码头摊买海鲜加工！价格易虚高。,,2026-01-11,2026,1,negative,D01,79
trip_002,Trip.com,江兴海鲜餐厅,餐饮,携程评分3.0/5（4条评价），人均93元。位于桂山岛桂海一路37号。评价一般，是岛上较为知名的老字号餐厅。,3.0,2025-06-15,2025,6,neutral,,54
trip_003,Trip.com,屿景湾海鲜酒家,餐饮,携程评分3.8/5（5条评价），人均100元。粤菜海鲜餐厅，位于桂山岛海岸美食街。,3.8,2025-06-15,2025,6,positive,G01,41
trip_004,Trip.com,胡记老面馆,餐饮,携程评分3.8/5（5条评价），人均12元。小吃类，位于桂山岛。,3.8,2025-06-15,2025,6,negative,B05,32
ctrip_rpa_0001,携程RPA,智选假日酒店,住宿,"Great for a family vacation! The hotel has a good location, offers pier transfers, and the staff are very enthusiastic. They pay attention to the details, which is a nice touch. They also have their own restaurant with pretty good food, and they can even prepare seafood for you!",,2026-06-22,2026,6,neutral,,279
ctrip_rpa_0002,携程RPA,智选假日酒店,住宿,"The hotel's location is incredibly convenient, less than 100 meters from the pier. We booked a sea-view room and the ocean view was absolutely delightful. The room was spacious and clean. The front desk staff, particularly Xiao Chen, was warm, attentive, and organized, leaving us with a great impression.",,2026-06-16,2026,6,neutral,,305
ctrip_rpa_0003,携程RPA,智选假日酒店,住宿,"The room is spacious and quiet, and the bed is very soft - I slept soundly until morning. Every time I visit the island, I stay at this hotel. The service is professional, it's clean, and always a comfortable stay.",,2026-01-02,2026,1,neutral,,214
ctrip_rpa_0004,携程RPA,里苑·桂汐湾畔,住宿,"Pick-up service from the pier to the hotel, the room is clean and tidy, the sea view is unparalleled, the service is excellent, and it is a very pleasant experience",,2024-12-20,2024,12,neutral,,164
ctrip_rpa_0005,携程RPA,里苑·桂汐湾畔,住宿,"The room is very clean, and there is still a fragrance when you enter the room. The environment is very nice and very photogenic. I recommend it to friends who want to take photos!",,2024-12-18,2024,12,neutral,,180
ctrip_rpa_0006,携程RPA,里苑·桂汐湾畔,住宿,"It is understandable that accommodation on Guishan Island was more expensive than usual on Saturdays. The Holiday Inn on Guishan Island is much better than this B&B that costs close to 900 a night in terms of location, room size and service level.",,2024-11-24,2024,11,neutral,,247
ctrip_rpa_0007,携程RPA,元本桂舍,住宿,"Environment: Although it is a B&B, the environment is too bad. Facilities: messy and miscellaneous furnishings. Hygiene: dust on the table and bed. Service: not much. The price of the hotel is ridiculously high.",2.0,2023-08-21,2023,8,neutral,,211
ctrip_rpa_0008,携程RPA,元本桂舍,住宿,"I booked a two-bedroom apartment with one living room. Overall, it had a musty smell. The sister at the front desk is very nice. What needs to be complained about is that there were three little cats in the bathroom.",5.0,2023-07-21,2023,7,neutral,,216
ctrip_rpa_0009,携程RPA,元本桂舍,住宿,民宿環境温馨雅致，乾淨整潔無異味，還免費接送碼頭。房東熱情貼心，細節到位，居住感像家一樣舒服，位置便利安靜，體驗超棒，推薦入住！,10.0,2026-04-17,2026,4,neutral,,64
ctrip_rpa_0010,携程RPA,元本桂舍,住宿,酒店位於半山上，景色是不錯的，民宿有碼頭來回接送。兩個房間的洗手間都有非常濃的臭味，問商家拿了香薰噴了才勉強能住。,7.5,2026-02-25,2026,2,neutral,,57
ctrip_rpa_0011,携程RPA,元本桂舍,住宿,在半山腰的民宿，老板會開車來碼頭接送，房間乾淨衞生。我們是4月中旬去的桂山島，人不是很多，島上風景很漂亮，美食以海鮮為主。,10.0,2026-04-19,2026,4,positive,G01,61
ctrip_rpa_0012,携程RPA,元本桂舍,住宿,出門就看到海，一下船店家就開著車來接了，住在半山上，空氣清洗。體驗非常好，下次還會再選擇元本,10.0,2026-03-05,2026,3,neutral,,46
ctrip_rpa_0013,携程RPA,元本桂舍,住宿,衞生乾淨，管家服務熱情，民宿景色也好看，離愛民路很近，有擺渡車接送碼頭，情侶出遊，推薦,10.0,2026-04-18,2026,4,positive,G01,43
ctrip_rpa_0014,携程RPA,元本桂舍,住宿,酒店環境不錯 門口拍照十分出片 來回有接送 服務態度非常好 很熱情 挺不錯的,10.0,2026-04-11,2026,4,neutral,,38
ctrip_rpa_0015,携程RPA,元本桂舍,住宿,周圍環境特別漂亮，好多杜鵑花，民宿能看到日落，房間也乾淨，服務也好,10.0,2026-04-21,2026,4,positive,G01,33
ctrip_rpa_0017,携程RPA,闲云居精品民宿,住宿,"Ctrip wrote that there is a pick-up service, but when I called, no one came to pick me up. The hotel's kettle was rusty. The toilet is very noisy at night. The service attitude was very bad. The room is very bad, it's a rental house, not a hotel or a B&B.",2.0,2025-05-02,2025,5,neutral,,255
ctrip_rpa_0018,携程RPA,闲云居精品民宿,住宿,"Extremely dissatisfied with this stay. 1) The location is halfway up the mountain! 2) Poor hygiene. 3) We booked a three-bedroom villa, but it was actually a four-bedroom villa sold separately. 4) The room door was locked after 9:00 PM and there was no room key. 5) Security concerns with master key near entrance.",2.0,2024-04-06,2024,4,neutral,,314
ctrip_rpa_0019,携程RPA,闲云居精品民宿,住宿,桂山島的海水是碧綠色的，很美。民宿離碼頭很近，走路幾分鐘就到了，有電梯特別方便。樓下很多餐廳，海洋市場價格明碼標價。衞生乾淨，床鋪整齊，管家服務好。環境舒適，推薦入住,10.0,2026-06-11,2026,6,positive,G01,83
ctrip_rpa_0020,携程RPA,闲云居精品民宿,住宿,天氣很好，出行成本人均不貴，100多的民宿乾淨衞生，全程管家接待服務，有呼必應，民宿整體環境很好，離碼頭也很近，吃飯也方便，值得二刷,10.0,2026-06-06,2026,6,positive,G04,66
ctrip_rpa_0021,携程RPA,闲云居精品民宿,住宿,好 衞生：好 環境：好 服務：好好 設施：好酒店靠近海邊，下樓就是海鮮市場，還有很多便利店，離碼頭近,10.0,2026-05-31,2026,5,neutral,,50
ctrip_rpa_0022,携程RPA,闲云居精品民宿,住宿,出碼頭左轉，大概两三百米就到，位置不用走上波路，樓下就有食市，對面海鮮市場，周邊都有小酒館和便利店,8.5,2026-05-27,2026,5,negative,B05,49
ctrip_rpa_0023,携程RPA,闲云居精品民宿,住宿,剛開始訂的特價房，來到對比了一下海景房，果斷選擇補差價入住，房間採光和視野都很好，乾淨整潔、設施齊全好用，環境安靜雅致。前台熱情周到，辦理入住退房都很快，整體體驗超出預期，強烈推薦！,10.0,2026-03-12,2026,3,positive,G03,91
ctrip_rpa_0024,携程RPA,闲云居精品民宿,住宿,民宿外觀古樸典雅，內部裝修精致用心。房間的隔音效果超棒，晚上睡得特別安穩。房間採光很好，心情都格外舒暢。環境清幽，遠離城市，是放鬆身心的好去處。整體體驗感十足，必須五星好評！,10.0,2026-03-06,2026,3,negative,B06,87
ctrip_rpa_0025,携程RPA,驿旅阳光民宿,住宿,very good,8.0,2024-07-06,2024,7,neutral,,9
ctrip_rpa_0026,携程RPA,驿旅阳光民宿,住宿,豪華海景大床房位於3/5樓，需要爬樓梯，所住的房間，空調不製冷，噪聲很大。廁所雖然乾濟分離，但淋浴間過小，且門關不上。,7.7,2026-06-28,2026,6,negative,B05,59
ctrip_rpa_0027,携程RPA,驿旅阳光民宿,住宿,設施：很好，齊全 衞生：乾淨 環境：非常好，對着伶仃洋 服務：非常好,10.0,2026-06-23,2026,6,neutral,,34
ctrip_rpa_0028,携程RPA,驿旅阳光民宿,住宿,因為仍然係新年期間，大部分民宿供應繊張。設備當然唔可以同酒店相比，但衞生情況滿意，洗手間乾濟分隔，去水無問題，熱水供應穩定。位置非常方便，但民宿係無鐘，所以要爬樓梯上6樓，但露台可以望見無敵大海景。整體算滿意。,7.5,2026-02-22,2026,2,neutral,,105
ctrip_rpa_0029,携程RPA,驿旅阳光民宿,住宿,離碼頭近，性價比不錯。周邊吃飯很方便，離幾個網紅店都很近。這個價格在桂山島算性價比很高的了，推薦入住。,9.0,2026-04-23,2026,4,neutral,,51
ctrip_rpa_0030,携程RPA,驿旅阳光民宿,住宿,出來玩整體感覺不錯，設施可以更完善更新，地理位置還是可以的 衞生：可以更好 服務：還是不錯的 環境：出來玩就是要開心的哈哈哈,8.5,2026-05-04,2026,5,neutral,,62
ctrip_rpa_0031,携程RPA,驿旅阳光民宿,住宿,天氣太熱不建議選樓頂的房，白天巨熱，曬得到晚上牆壁也都是熱的，空調開16度開了很久溫度也沒降下來，後面打電話問房東說要開20度才行,7.2,2026-06-25,2026,6,neutral,,65
ctrip_rpa_0032,携程RPA,驿旅阳光民宿,住宿,這次雙床房和大床房之間，雙床房更便宜，住起來的性價比比較划算，雖然我訂的是城景房，但是服務人員的接待態度以及各方面都比較滿意,10.0,2026-01-26,2026,1,positive,G04,62
ctrip_rpa_0033,携程RPA,驿旅阳光民宿,住宿,風景房間衞生環境還可以，但是不隔音，一大早的太吵了，7點多就施工，根本沒法睡覺。發消息問為什麼這麼吵想請解決一下也不回,5.2,2025-12-01,2025,12,negative,B06,59
53,易游网,览潮花间舍海景民宿(珠海桂山岛),住宿,氛圍感拉滿的海邊花間民宿，環境典雅浪漫，庭院繁花似錦，處處盡顯精緻用心。面朝大海地理位置絕佳，海景視野開闊，隨時隨地欣賞絕美海島風光。房間寬敞明亮，裝修風格溫柔舒適，乾淨清爽沒有異味，居住體驗十分安逸。民宿安靜閑適，吹著海風賞花海，悠閑又放鬆，服務貼心周到，性價比超高，來桂山島首選這家。,5.0,2026-05-08,2026,5,positive,G01|G03,144
15,易游网,里苑·桂汐湾畔精品海景民宿(珠海桂山岛店),住宿,酒店位置非常好，有車到碼頭接送，在山半腰處，後面走路實測大概十二分鐘就可以走到碼頭，窗戶可以看到海，服務也到位，上樓下樓幫忙搬行李，要吐槽的是那兩張床免強放得下，另一張已經緊貼洗手枱，所以裡面空間不好，還好有個泡茶空間，另外就是那浴缸，排水口那裡刷了一下，黃黃的，後面的猜測有可能是那自來水，因為雨天非常黃。整體五一這個價還算可以。清晨可以聽到鳥兒叫，蟬鳴，非常舒服，就是隔壁住著一家打開門刷手機的，把此美好之聲打擾了，如果可以管一管就好！,4.6,2026-05-05,2026,5,positive,G01,220
eztravel_007,易游网,珠海桂山岛蓝色海岸民宿,住宿,陽台景觀太讚了，房間寬敞明亮，還有衣帽間，電熱圍爐煮茶，氛圍感拉得滿滿的，周邊吃飯很便利，服務很貼心。,5.0,2026-02-14,2026,2,neutral,,51
19,易游网,里苑·桂汐湾畔精品海景民宿(珠海桂山岛店),住宿,"設施：如果有一次性拖鞋就好了，酒店有安排觀光車到碼頭接送
衞生：挺乾淨整潔，但是被套上有點紅色的東西
環境：環境優美漂亮，周邊有在施工，建議老闆應該在訂民宿之前説好，而不是來到後説。不過窗戶關上了就能隔絕85%
服務：老闆服務很好，態度很好👍還提供行李寄存，訂房前也有打電話來安排車的接送，下次還會來住",4.3,2026-02-20,2026,2,positive,G01,151
68,易游网,珠海桂山岛元本·桂舍,住宿,過來海島出差的，碼頭有免費接送服務，管家還幫忙延時退房，推薦，下次要帶家人過來玩。,5.0,2026-03-09,2026,3,neutral,,41
8,易游网,闲云居精品民宿(珠海桂山岛店),住宿,放假出遊到桂山島玩了兩天，島上特別漂亮，體驗了趕海、釣魚。住的酒店也很不錯，衞生乾淨，管家服務好，離碼頭很近，可以看海看日落，樓下吃飯方便，很滿意,5.0,2026-03-13,2026,3,positive,G01,73
63,易游网,珠海桂山岛元本·桂舍,住宿,在半山腰的民宿，老闆會開車來碼頭接送，房間乾淨衞生。我們是4月中旬去的桂山島，人不是很多，島上風景很漂亮，美食以海鮮為主。,5.0,2026-04-19,2026,4,positive,G01,61
24,易游网,驿旅阳光民宿(珠海桂山岛店),住宿,"離碼頭近，性價比不錯。周邊吃飯很方便，離幾個網紅店都很近。
這個價格 在桂山島算性價比很高的了，推薦入住。",4.5,2026-04-23,2026,4,neutral,,53
80,易游网,里苑·舒篱别院精品海景民宿(珠海桂山岛店),住宿,早起看風景很好,5.0,2026-07-12,2026,7,neutral,,7
48,易游网,海顺精品民宿(桂山岛店),住宿,房間很乾凈衞生，環境好，離港口很近，強烈推薦,5.0,2026-07-10,2026,7,neutral,,22
74,易游网,里苑·舒篱别院精品海景民宿(珠海桂山岛店),住宿,"四天三晚，非常滿意的珠海→_→桂山島之旅。
住宿也輕鬆舒適。",4.7,2026-06-06,2026,6,neutral,,30
21,易游网,驿旅阳光民宿(珠海桂山岛店),住宿,豪華海景大床房位於3/5樓，需要爬樓梯，所住的房間，空調不製冷，噪聲很大。廁所雖然乾濕分離，但淋浴間過小，且門關不上。,3.8,2026-06-28,2026,6,negative,B05,59
20,易游网,里苑·桂汐湾畔精品海景民宿(珠海桂山岛店),住宿,錯峰來桂山島玩，選了很久選擇了這家民宿，周圍環境很好，旁邊就是愛民路，拍照巨好看，房間的衞生到位，管家服務也好，問什麼答什麼，不拖泥帶水。管家還給推薦吃飯的飯店，還有發攻略，省了不少事。體驗感直接拉滿，不錯的一次旅行,5.0,2026-01-27,2026,1,positive,G01,108
44,易游网,海顺精品民宿(桂山岛店),住宿,性架比不錯，還會繼續來,5.0,2026-01-19,2026,1,neutral,,11
eztravel_005,易游网,珠海桂山岛蓝色海岸民宿,住宿,民宿有碼頭接送站服務，還可以行李寄存，出行非常方便，位置也很好。房間：房間乾淨整潔，設施很全。服務：服務態度很好，也很貼心，還給了島上遊玩攻略，和一些租車的聯繫方式，很全面。有問題可以隨時打電話，解決也很快。總體很推薦這家！！,5.0,2025-12-27,2025,12,neutral,,113
28,易游网,驿旅阳光民宿(珠海桂山岛店),住宿,風景房間衞生環境還可以，但是不隔音，一大早的太吵了，7.多就施工，根本沒法睡覺。發消息問為什麼這麼吵想請解決一下也不回,2.6,2025-12-01,2025,12,negative,B06,59
38,易游网,珠海桂山岛上岛民宿,住宿,房間很乾凈，性價比高,5.0,2025-11-03,2025,11,neutral,,10
29,易游网,驿旅阳光民宿(珠海桂山岛店),住宿,很不錯，住宿方便，靠近景區，很好，！！！！！可以的！！！衞生乾淨！！！環境好！！！可以的！！！，，，,5.0,2025-11-24,2025,11,neutral,,50
31,易游网,珠海桂山岛上岛民宿,住宿,很整潔很乾凈 有電梯 海景房視野很開闊 一覺醒來就是好心情 房東姐姐人也很好嘻嘻,5.0,2025-03-21,2025,3,neutral,,40
49,易游网,海顺精品民宿(桂山岛店),住宿,環境地方好,5.0,2025-03-09,2025,3,neutral,,5
eztravel_034,易游网,珠海桂山岛上岛民宿,住宿,五六百 住招待所 賓館 島上的物價是真的高～ 然而這已經是全島最便宜的旅館了 我也不知道我花那麼多錢來一個漁村幹嘛的 海鮮市場也貴 賓館又舊又潮濕又小 海灘小且沒有躺椅 就是漁村的海,3.0,2025-05-20,2025,5,negative,B05,91
34,易游网,珠海桂山岛上岛民宿,住宿,"五六百 住招待所 賓館
島上的物價是真的高～
然而這已經是全島最便宜的旅館了
我也不知道我花那麼多錢來一個漁村幹嘛的
海鮮市場也貴 賓館又舊又潮濕又小 海灘小且沒有躺椅 就是漁村的海",3.0,2025-05-20,2025,5,negative,B05,91
eztravel_033,易游网,珠海桂山岛上岛民宿,住宿,我此次出行訂了兩間酒店，一間智選假日酒店和上島民宿。上島民宿的環境設施比較差，價格還很貴。上島民宿中功夫茶具是用來擺設的，不能用，房間廁所的天板缺一塊。真心建議大家不要選這家。,2.0,2024-11-03,2024,11,neutral,,88
33,易游网,珠海桂山岛上岛民宿,住宿,"我此次出行訂了兩間酒店，一間智選假日酒店和上島民宿。上島民宿的環境設施比較差，價格還很貴。上島民宿中功夫茶具是用來擺設的，不能用，房間廁所的天板缺一塊。真心建議大家不要選這家
。",2.0,2024-11-03,2024,11,neutral,,89
35,易游网,珠海桂山岛上岛民宿,住宿,很陳舊，非常一般，是我住過名宿以來最不满意的，就像招待所，我女兒都氣死了，早知道住旁邊的那個酒店，太失望了。,2.7,2025-06-05,2025,6,neutral,,54
eztravel_035,易游网,珠海桂山岛上岛民宿,住宿,很陳舊，非常一般，是我住過名宿以來最不滿意的，就像招待所，我女兒都氣死了，早知道住旁邊的那個酒店，太失望了。,2.7,2025-06-05,2025,6,neutral,,54
50,易游网,海顺精品民宿(桂山岛店),住宿,房間很新，但是每次開熱水，都會出一陣黃顏色的水，冷水沒這個問題。位置很方便，樓下餐廳，超市應有盡有，還有漁具店就在隔壁。走路去遊輪碼頭四五分鐘，買海鮮也就兩分鐘路程。去上二號堤的碼頭，走路也是五分鐘。總體來説還是很滿意，除了熱水黃的問題。,4.5,2025-02-03,2025,2,neutral,,119
36,易游网,珠海桂山岛上岛民宿,住宿,酒店房間乾淨衞生，離海邊很近，吃飯方便，老闆娘人很好，值得入住,5.0,2025-02-27,2025,2,positive,G04,31
81,易游网,桂山岛悦洋小居民宿,住宿,客廳很好，就是有一個房間小了點，也夠住，整體挺好的，不過四樓拿行李走樓梯有點累,5.0,2025-08-10,2025,8,negative,B05,39
45,易游网,海顺精品民宿(桂山岛店),住宿,衞生還可以，房間挺乾淨整潔的，賓館內設施挺齊全的很新，還有洗衣房，玩了一天回來不用手洗衣服，總之非常不錯這個價格來説，位置就在中心下船走走就到了,5.0,2025-08-23,2025,8,neutral,,72
90,易游网,珠海桂山岛海钓客栈,住宿,能換就換吧,1.0,2023-08-10,2023,8,neutral,,5
39,易游网,珠海桂山岛上岛民宿,住宿,總體來説性價比不錯，可以選擇。服務很好，位置很棒，下船後走幾分鐘就到了，200米左右，樓下有超市，茶餐廳，晚上有夜市，很方便。房間衞生間很大，但是衞生間的燈不太亮，另外房間的空調漏水，空調下就是電視機和拍插，有點危險。,4.2,2023-08-18,2023,8,negative,B03,109
40,易游网,珠海桂山岛上岛民宿,住宿,"房間衞生比較差，有一兩衹小蟑螂，廁所有異味
隔音一般，走廊有人説話都能聽見
房間設施一般，傢俱有點老舊，還有個水管",2.7,2023-10-01,2023,10,negative,A02|B02|B05|B06,57
eztravel_040,易游网,珠海桂山岛上岛民宿,住宿,房間衞生比較差，有一兩衹小蟑螂，廁所有異味 隔音一般，走廊有人説話都能聽見 房間設施一般，傢俱有點老舊，還有個水管,2.7,2023-10-01,2023,10,negative,A02|B02|B05|B06,57
47,易游网,海顺精品民宿(桂山岛店),住宿,房間環境很差，很潮濕，房間裡面還有很多小蟑螂，床單被套都是毛髮，不建議住這家民宿，差評,0.5,2025-04-06,2025,4,negative,A02|B02|B05,43
87,易游网,桂山岛悦洋小居民宿,住宿,房間還可以，島上很舒服,3.0,2025-04-19,2025,4,neutral,,11
85,易游网,桂山岛悦洋小居民宿,住宿,民宿很乾凈溫馨，有家的感覺，老闆也很好，來回接送[玫瑰]服務到位*.。（๑･∀･๑）*.。風景也很好！,5.0,2024-09-01,2024,9,neutral,,51
82,易游网,桂山岛悦洋小居民宿,住宿,"設施：齊全，都是套房
衞生：乾淨
環境：海景房，在房間就面朝大海景
服務：周到，老闆娘到港口接客，幫忙提行李上樓，出行免費乘觀光車。",5.0,2024-09-25,2024,9,positive,G03,66
83,易游网,桂山岛悦洋小居民宿,住宿,很好服務超級棒，忘記袋衣服，房東馬上淋著雨底褲送過來了！真的超級好,5.0,2024-08-17,2024,8,neutral,,33
88,易游网,桂山岛悦洋小居民宿,住宿,老闆人很好，3個房間，有麻將桌,5.0,2024-08-12,2024,8,neutral,,15
89,易游网,桂山岛悦洋小居民宿,住宿,環境非常好，住得好舒服，沒有選錯地方！,5.0,2024-03-31,2024,3,neutral,,19
eztravel_010,易游网,珠海桂山岛蓝色海岸民宿,住宿,這間民宿還是有驚喜的，聽説是新裝的，設備挺新，也挺乾淨，但是室內通風不夠空氣不清新，總體上還是滿意。但是民宿送下午茶餐小哥的業務水平很差，送餐時在無敲門的情況竟然會拉我們房間的門把手觸發門鎖警報，不知道是有意還是無意，當時確實受到驚嚇。,4.3,2025-10-03,2025,10,negative,B05,118
wingon-deep-0012,永安旅游(WingOn Travel),智选假日酒店,住宿,房间挺大的卫生很不错，阳台就可以看海景。服务也很不错，早餐简单清淡。离码头和沙滩也很近，酒店还有旅拍，摄影师拍照技术服务也很不错。,5.0,2026-06-23,2026,6,neutral,,65
wingon-deep-0035,永安旅游(WingOn Travel),里苑·桂汐湾畔精品海景民宿,住宿,来到桂山岛民宿体验都超棒，店家贴心安排码头接送入住环境干净整洁设施齐全。管家服务很好热心推荐景点还推荐加工海鲜的餐厅味道真的很不错。,5.0,2026-06-01,2026,6,positive,G02|G03,66
wingon-deep-0036,永安旅游(WingOn Travel),里苑·桂汐湾畔精品海景民宿,住宿,错峰出行价格还是不错的，民宿服务比较自在有事微信联系也不打扰。第二次来桂山岛这次选择桂海村选择里苑就冲着评价和价格来的。,4.6,2026-05-07,2026,5,neutral,,60
wingon-deep-0037,永安旅游(WingOn Travel),里苑·桂汐湾畔精品海景民宿,住宿,酒店位置非常好有车到码头接送在山半腰处。服务也到位帮忙搬行李。要吐槽的是那两张床勉强放得下另一张已经紧贴洗手台所以里面空间不好。另外就是那浴缸排水口那里刷了一下黄黄的。,4.6,2026-05-05,2026,5,neutral,,84
wingon-deep-0060,永安旅游(WingOn Travel),海云民宿,住宿,非常赞的酒店几个家庭出游，服务一流酒店干净床席又舒服，3个家庭订了三室一厅刚刚好。酒店外面景色很美老板人很好处理问题很快。,5.0,2026-04-12,2026,4,positive,G01,61
wingon-deep-0020,永安旅游(WingOn Travel),智选假日酒店,住宿,早餐9:25已经没有食物，职员不添加食物，有顾客投诉厨房职员才开炉煮食物，不过只煮给投诉的客人。房间很大浴室更大很多闲置空间，花洒完全无力。,3.8,2026-04-06,2026,4,neutral,,70
wingon-deep-0005,永安旅游(WingOn Travel),蓝色海岸民宿,住宿,客观的评价：整体外面户外环境是好的，室内环境是真的不行。450块住10平米，行李都没地方放，天天被外面的小孩和大人的吵闹声吵到，隔音和私隐非常差，室内会有蚊子。具备接送码头服务，总之除了住的难受，外面其他还行。,2.1,2026-03-29,2026,3,negative,B02|B05|B06,105
wingon-deep-0089,永安旅游(WingOn Travel),元本桂舍,住宿,过来海岛出差的码头有免费接送服务管家还帮忙延时退房推荐下次要带家人过来玩。,5.0,2026-03-09,2026,3,positive,G02,37
wingon-deep-0027,永安旅游(WingOn Travel),驿旅阳光民宿,住宿,因为仍然系新年期间大部分民宿供应紧张。设备当然唔可以同酒店相比，但卫生情况满意洗手间干湿分隔去水无问题热水供应稳定。位置非常方便从出码头向左行大约5分钟，但民宿无电梯要爬楼梯上6楼。露台可以望见无敌大海景，楼下一条街都系海鲜酒家，附近亦有咖啡店，整体算系满意。,3.7,2026-02-22,2026,2,neutral,,130
wingon-deep-0062,永安旅游(WingOn Travel),海云民宿,住宿,性价比一般般房间挺小的。窗户对着海的海景感觉不错但设备有点跟不上，洗手间有点太小而且厕所的味道好大好大很臭住得有点难受整体一般吧。,3.5,2026-02-14,2026,2,neutral,B05|G04,65
wingon-deep-0068,永安旅游(WingOn Travel),微枫民宿,住宿,环境不错重要有厨房可以自行到市场买菜自己做饭。,5.0,2025-12-22,2025,12,neutral,,23
wingon-deep-0092,永安旅游(WingOn Travel),元本桂舍,住宿,房间服务卫生干净设施完善配套齐全环境卫生干净入住时服务态度很好细致入微的服务给客人的体验很好。,5.0,2025-12-30,2025,12,neutral,,47
wingon-deep-0010,永安旅游(WingOn Travel),蓝色海岸民宿,住宿,这间民宿还是有惊喜的，听说新装的设备挺新也挺干净，但是室内通风不够空气不清新。但是民宿送下午茶餐小哥的业务水平很差，送餐时在无敲门的情况下竟然会拉我们房间的门把手触发门锁警报，不知道是有意还是无意，当时确实受到惊吓。,4.3,2025-10-03,2025,10,negative,B05,108
wingon-deep-0075,永安旅游(WingOn Travel),金悦旅店,住宿,都好近码头就是房间烟味太重这个节日这个价钱还是可以的。,3.5,2025-10-02,2025,10,neutral,,27
wingon-deep-0053,永安旅游(WingOn Travel),海云民宿,住宿,桂山岛真的很小一天就能逛完，民宿还行。就是避坑那间港式奶茶的店：8颗云吞居然能收21元，4颗云吞和一包方便面煮熟居然要30元，太离谱了！,5.0,2026-07-07,2026,7,negative,B05|D01,68
wingon-deep-0032,永安旅游(WingOn Travel),里苑·桂汐湾畔精品海景民宿,住宿,免费码头接送：管家提前对接船班下船直接接回民宿返程送码头。半山腰远离码头人流嘈杂区夜间12点后十分静谧。雨季没有什么客人老板还升级了房型非常感谢！,5.0,2026-07-12,2026,7,neutral,,73
wingon-deep-0067,永安旅游(WingOn Travel),微枫民宿,住宿,房间整体还可以就是马桶盖没有清理干净，然后厕所的窗户的开关是坏的打开了就很难关回来要抬起来才能关回来。建议店主维修一下，外面没有防盗网要是打开窗户没关起来客人出门了遗失了物品怎么办？略可怕！,2.7,2026-01-19,2026,1,negative,B03,95
wingon-deep-0041,永安旅游(WingOn Travel),里苑·桂汐湾畔精品海景民宿,住宿,错峰来桂山岛玩选了很久选择了这家民宿，周围环境很好旁边就是爱民路拍照巨好看，房间的卫生到位管家服务也好。管家还给推荐吃饭的饭店还有发攻略省了不少事。,5.0,2026-01-27,2026,1,positive,G01|G02,74
wingon-deep-0069,永安旅游(WingOn Travel),微枫民宿,住宿,和姐妹们来桂山岛过周末，民宿在半山腰视野超棒！下车后有师傅免费接送。双人间前面有露台可以观海聊天很赞！前台小哥哥服务到位退房时帮忙送行李到码头。,5.0,2025-11-19,2025,11,negative,B05,72
wingon-deep-0047,永安旅游(WingOn Travel),桂山岛1号客栈,住宿,桂山岛的民宿风景如画。岛上环境非常合适亲子游情侣姐妹游而且打卡超级出片。1号客栈环境设施非常不错可以去市场买菜做饭服务态度很不错。,5.0,2025-11-10,2025,11,neutral,,65
wingon-deep-0042,永安旅游(WingOn Travel),里苑·桂汐湾畔精品海景民宿,住宿,桂山岛适合假期出游的好地方，住宿老板帮我们升级了海景房。,5.0,2023-09-08,2023,9,neutral,,28
wingon-deep-0070,永安旅游(WingOn Travel),微枫民宿,住宿,订的海景房民宿在半山腰提供免费接送服务，退房后行李也可以放在前台开船前还帮行李送到码头服务好评！,4.2,2025-08-24,2025,8,positive,G03,48
wingon-deep-0049,永安旅游(WingOn Travel),桂山岛1号客栈,住宿,房间挺干净就是有点小。,4.5,2025-08-06,2025,8,negative,B05,11
wingon-deep-0050,永安旅游(WingOn Travel),桂山岛1号客栈,住宿,房间很小除了睡觉基本上待不了。岛上住宿大差不差特种兵建议选更高性价比的。岛很小当天来回也是可以的提前买好船票就行。,4.0,2025-07-03,2025,7,neutral,B05|G04,57
wingon-deep-0072,永安旅游(WingOn Travel),微枫民宿,住宿,民宿在爱民路的半山坡上。就是浴室的卫生需要加强可能是天气原因有发霉的。服务不错有接驳车到码头接送，前台还可以借挖沙工具带小朋友出门还方便的。,5.0,2025-07-29,2025,7,negative,B01|B05,70
wingon-deep-0051,永安旅游(WingOn Travel),桂山岛1号客栈,住宿,整体还不错就是价格贵了点，感觉五一后的家庭套房不需要700这么贵吧？,4.3,2025-05-11,2025,5,negative,D01,34
wingon-deep-0080,永安旅游(WingOn Travel),金悦旅店,住宿,为了拍摄练习而来桂山岛没想到这间旅馆位置这么好，刚好拍到码头同港口还有个食街而且可以影日落。房间又大一般酒店有的都有齐，仲好贴心给充电线Android同iPhone都充到电。楼下买东西都方便好抵住。,5.0,2025-05-18,2025,5,positive,G03,99
wingon-deep-0052,永安旅游(WingOn Travel),桂山岛1号客栈,住宿,房间很满意房间里窗户的风景很有宫崎骏的感觉。,4.8,2024-10-22,2024,10,neutral,,22
wingon-deep-0078,永安旅游(WingOn Travel),金悦旅店,住宿,房间不算大但还可以。卫生可以离码头很近吃购都非常方便。住五楼有个小窗户可以看到海。没有电梯楼层有点高带老人要考虑好。整体满意性价比还算不错。,4.5,2025-06-08,2025,6,neutral,B05|G04,70
wingon-deep-0081,永安旅游(WingOn Travel),金悦旅店,住宿,房间挺好的卫生间很大但隔音稍微差点第一晚一直听见隔壁房间讲话的声音。一下邮轮就能看见旅店房间正对着海楼下很多吃饭的店。,5.0,2025-04-25,2025,4,negative,B06,59
wingon-deep-0082,永安旅游(WingOn Travel),金悦旅店,住宿,位置近码头及食店非常方便近海滨适合观海和日落。房间虽然细但清洁和舒适只是需要行楼梯上五楼。总结是性价比高。,4.5,2025-04-23,2025,4,positive,G04,53
complaint-0098,永安旅游评论(住客评价),桂山岛港式奶茶店(未具名),餐饮,住客在海云民宿评论中投诉桂山岛上一间港式奶茶店孰客：8颗云吞收了21元，4颗云吞和一包方便面煮熟要30元，太离谱了。建议游客避坑该店。,5.0,2026-07-07,2026,7,negative,D01,67
complaint-0099,永安旅游评论(住客评价),桂山岛智选假日酒店,住宿,住客投诉智选假日酒店早餐服务问题：早餐 9:25已经没有食物，职员不添加食物，有顾客投诉厨房职员才开炉煮食物但只煮给投诉的客人。同时反映浴室花洒完全无力。评分3.8。,3.8,2026-04-06,2026,4,neutral,,83
complaint-0100,珠海新闻网,万山群岛(综合),综合,珠海海岛游爆火报道提及：在各主要海岛150名值班人员24小时巡逻进行调解纠纷、安全宣传、失物寻回、整改隐患等工作，实现消费投诉100%处置。桂山岛码头增设风雨设施。表明桂山岛等万山群岛存在消费投诉，官方已建立处置机制。,,2025-05-07,2025,5,neutral,B05|G04,109
wingon_068,永安旅游,珠海桂山島桂語香山酒店,住宿,同家人去桂山島玩兩天，看了好幾間灑店，最後決定訂這間，酒店地理位置比較優越，離碼頭，沙灘，網紅打卡點桂小包，斑馬線都比較近，而且灑店還安排了碼頭接送，可以解放雙手，不用拿住一堆行李到店，店內前台小姐姐和阿姨都比較熱情有禮貌，中途發生小插曲都積極解決，民宿房間衞生也算挺乾淨，而且有個大平台，環境也不錯,5.0,2026-04-04,2026,4,negative,B05,150
wingon_013,永安旅游,珠海桂山島1號客棧,住宿,房間在半山腰，再往上就是網紅路段，民宿旁花開的很好，打卡人絡繹不絕，房間本身雖然三房一廳2衞（一個在房間外），但其實不大，70平左右，衞生可以，但是客廳比較小，放了個麻將桌位置就不多了，清明期間店家服務可以，電話溝通都能滿足，風景視野好，但我們居住期間天氣一般比較遺憾。周邊一條街的咖啡店推薦，比島上各種網紅店更好喝實惠。,5.0,2026-04-27,2026,4,negative,B05,161
wingon_060,永安旅游,珠海市桂山島海雲民宿,住宿,非常讚的酒店，幾個家庭出遊的，非常值得推薦這個酒店，服務一流，酒店乾淨，牀蓆又舒服，我們3個家庭訂了三室一廳，剛剛好，酒店外面景色很美，老闆人很好，處理問題很快,5.0,2026-04-12,2026,4,positive,G01|G04,80
wingon_070,永安旅游,珠海桂山島桂語香山酒店,住宿,民宿提前幾天聯繫了坐船的時間，下了碼頭就有車接，非常貼心。房間乾淨衞生，床品舒適，提供的洗涑用品也很不錯。去海邊很近，下樓左拐就到愛民路，桂小包等網紅打卡點。在這裏住的很舒服，下次一定還會再來。,5.0,2026-03-20,2026,3,negative,B05,97
wingon_071,永安旅游,珠海桂山島桂語香山酒店,住宿,位置很方便，也不用爬山，離各個景點和碼頭都很近，簡直是懶人福音！房間打掃得非常乾淨整潔，枕頭很舒服，衞生間乾濕分離，熱水充足夠熱～前台服務熱情，來回碼頭有免費接送，整體入住很滿意！,5.0,2026-03-17,2026,3,neutral,,90
wingon_072,永安旅游,珠海桂山島桂語香山酒店,住宿,來桂山島前看了很多家酒店，最後還是選了這家，店家會提前聯繫我上島時間安排接送，不用自己拖着行李找路。環境：酒店門口有茶几可以休息喝茶。衞生：酒店房間乾淨，沐浴用品獨立包裝舒服。服務：前台接待和入住指引清晰，還介紹島上各種旅遊打卡點，很不錯！,5.0,2026-03-10,2026,3,neutral,,120
wingon_083,永安旅游,覽潮花間舍海景民宿(珠海桂山島),住宿,整體環境超出預期，花間舍氛圍感十足，庭院花草繁茂，環境雅緻清新，格調温柔高級。坐擁一線海景位置，放眼皆是碧海藍天，海景視野堪稱一絕。室內裝修簡約大氣又不失格調，居住安靜安穩，床品柔軟安逸，休息質量特別好。老闆熱心實在，貼心解答遊玩攻略，待人熱情大方，環境乾淨清幽，遠離鬧市嘈雜，悠閑愜意，強烈推薦入住。,5.0,2026-05-08,2026,5,neutral,,151
wingon_049,永安旅游,珠海桂山道禾璞樹海島花園民宿,住宿,民宿比圖上還要好看，保留了原始的海島風格，民宿公區也很適合拍照，海景房天氣好的話可以看到日落，在服務上也很好，總體來説選這裏住不虛此行！！,5.0,2026-05-18,2026,5,positive,G01,69
wingon_084,永安旅游,覽潮花間舍海景民宿(珠海桂山島),住宿,來桂山島度假選這家花間舍真的選對了！整體裝修雅緻温婉，處處縈繞着花香氛圍感，環境清幽靜謐。民宿直麪遼闊海景，視野開闊無遮擋，晨起直麪蔚藍大海，傍晚靜待海邊落日，風景絕美。客房整潔雅緻，佈置温馨舒服，設施齊全乾凈整潔。店家待人親切隨和，服務周到細緻，安靜愜意遠離喧囂，度假放鬆絕佳之地，體驗感滿分。,5.0,2026-05-08,2026,5,positive,G01|G03,148
wingon_014,永安旅游,珠海桂山島1號客棧,住宿,我們衹住一個晚上，所以也不太需要太好！舒適乾淨經濟實惠即可！這家確實如照片中顯示的房子很漂亮！雙人床房！床是1.35米的，我們三大一小睡得還是挺舒服的！房間有一次性洗漱用品！毛巾不是一次性的！所以介意的建議自帶一次性租金即可！就在愛民路上！所以往上爬一點點就是網紅拍照打卡點！酒店有接送服務！可以隨時聯繫！而且環島遊25一人，我們家小朋友七歲不收錢！所以三個大人75約了個環島遊！其實島不大！這樣便捷也省時間！多的時間我們可以自己沿着坡子路溜達！有落日出現時真的很美，這個小島！,4.7,2026-02-13,2026,2,neutral,B05|G01,239
wingon_062,永安旅游,珠海市桂山島海雲民宿,住宿,我朋友訂了一家這個民宿，我覺得吧，性價比一般般，因為房間的話挺小的，不過呢，他有一個窗戶呢，確實是對着海的海景感覺是不錯的，但是這設備還是有點跟不上，因為那個洗手間有點太小了一點，而且那個廁所的味道好大好大很臭，所以住得有點難受，整體一般吧,3.5,2026-02-14,2026,2,negative,B05,120
wingon_097,永安旅游,閒雲居精品民宿(珠海桂山島店),住宿,非常完美的一次入住體驗，定的兩間房都很合適。假期同等價位裏這家性價比最高了。設施齊全，水壓穩定，熱水一直供應，空調靜音，窗戶隔音也很好。布草很乾凈，消毒味很明顯。前台安排的房間非常好，一家人連在一起，風景不錯，也很安靜。離港口很近，走兩步就到了，附近吃的很多，大多數打卡點也在旁邊，門口就是環島環遊的觀光車和自行車。如果有機會二刷桂山島的話，下次會選擇一個淡季繼續來這家住。,5.0,2026-02-23,2026,2,neutral,B06|G01,187
wingon_015,永安旅游,珠海桂山島1號客棧,住宿,桂山島的民宿，風景如畫，藍天白雲下享受悠閑時光。島上環境非常合適親子游、情侶、姐妹遊，而且打卡超級出片，1號客棧環境設施非常不錯，可以去市場買菜做飯，服務態度很不錯。,5.0,2025-11-10,2025,11,neutral,,83
wingon_017,永安旅游,珠海桂山島1號客棧,住宿,房間挺趕緊，就是有點小,4.5,2025-08-06,2025,8,negative,B05,11
wingon_016,永安旅游,珠海桂山島1號客棧,住宿,住宿非常非常好，有種家的感覺，有提供廚房給我們做飯，晚上還可以吃自己做火鍋，唯一缺點就是房間空調有點漏水，希望服務人員可以跟進一下，謝謝！,4.7,2025-08-13,2025,8,negative,B03,69
wingon_075,永安旅游,珠海桂山拾光伴島民宿,住宿,位置在山腰低處，視野一般，房間還過得去吧，就是一般的民宿。有廚房洗衣機冰箱等，但很久沒人用的樣子，一家人住私密性還可以。,3.5,2025-07-13,2025,7,neutral,,60
wingon_074,永安旅游,珠海桂山拾光伴島民宿,住宿,房間整體可以，夜晚安靜，獨棟私密性較好，樓頂可曬衣服或夜晚聊天聚會。,3.5,2025-07-13,2025,7,neutral,,34
wingon_018,永安旅游,珠海桂山島1號客棧,住宿,房間很小，除了睡覺，基本上待不了。島上住宿大差不差，特種兵建議選更高性價比的。島很小，當天來回也是可以的，提前買好船票就行,4.0,2025-07-03,2025,7,negative,B05,61
wingon_019,永安旅游,珠海桂山島1號客棧,住宿,整體還不錯，就是價格貴了點，感覺五一後的家庭套房不需要700這麼貴吧？,4.3,2025-05-11,2025,5,neutral,,35
wingon_020,永安旅游,珠海桂山島1號客棧,住宿,房間很滿意，房間裏窗戶的風景很有宮崎駿的感覺哦,4.8,2024-10-22,2024,10,neutral,,23
wingon_054,永安旅游,珠海市桂山島海雲民宿,住宿,老闆服務態度非常好，房間衞生好，下次還來。,5.0,2026-07-02,2026,7,neutral,,21
wingon_055,永安旅游,珠海市桂山島海雲民宿,住宿,房間的空間偏小，但比較整潔乾淨，有小陽台，可以看見大海。附近有很多咖啡館，餐廳，去吃飯喝咖啡比較方便,4.0,2026-07-01,2026,7,negative,B05,50
wingon_021,永安旅游,珠海桂山島智選假日酒店,住宿,房間夠大，特別是浴室相當大，佔了整間房的一半。陽台外面就是無敵海景，非常贊。離碼頭、桂小白都是幾步路。早餐尚可，更偏中式，有現煮的粉面。,4.6,2026-07-11,2026,7,negative,B05,68
wingon_044,永安旅游,珠海桂山道禾璞樹海島花園民宿,住宿,設施齊全，衞生乾淨，環境舒適，服務一流。雙早包含，店家熱情，乾淨衞生。超大陽台，海景體驗，下次還來,5.0,2026-06-10,2026,6,neutral,,49
wingon_023,永安旅游,珠海桂山島智選假日酒店,住宿,距離碼頭兩步路，不需要上大斜坡，超級方便！房內很大，小朋友住得很舒服！早餐也很豐富，菜品添加及時，享精美旅拍1次:小哥哥情緒價值滿滿！專業，也很出片，遊島拍照兩不誤！,5.0,2026-06-20,2026,6,positive,B05|G01|G04,83
wingon_063,永安旅游,珠海桂山島桂語香山酒店,住宿,帶家人來桂山島玩，套房訂滿了衹能訂幾個單間，提前跟前台溝通還可以安排住的近一些～房間還會提前開好空調，衞生也收拾得很乾凈，床品柔軟，孩子睡得安穩。服務人員待人温和，周邊吃飯方便，環境安靜不嘈雜，性價比在線，家人都很滿意，帶娃出行推薦這家。,5.0,2026-06-12,2026,6,neutral,,119
wingon_041,永安旅游,珠海桂山島藍色海岸民宿,住宿,民宿有碼頭接送站服務，還可以行李寄存，出行非常方便，位置也很好。房間乾淨整潔，設施很全。服務態度很好，也很貼心，還給了島上遊玩攻略，和一些租車的聯繫方式，很全面。有問題可以隨時打電話，解決也很快。總體很推薦這家！！,5.0,2025-12-27,2025,12,neutral,,107
wingon_032,永安旅游,珠海桂山島智選假日酒店,住宿,酒店位於客運碼頭附近，步行約5分鐘可到達，環境清靜，衞生整潔，地方寬躺。,5.0,2025-12-03,2025,12,neutral,,36
wingon_073,永安旅游,珠海桂山拾光伴島民宿,住宿,出去玩島上房間緊張訂的，進去有一股黴味，然後馬桶上面還有點臟，價格和體驗感完全對不上，真的，挺一般的,3.7,2025-12-21,2025,12,neutral,,50
wingon_077,永安旅游,珠海桂山拾光伴島民宿,住宿,民宿在半山腰，來回的時候老闆有觀光車接送。因為來到桂山島的時間是下午兩點多，天氣很熱，到民宿時，老闆已經提前開好空調，非常貼心。而且老闆本人也非常熱情。民宿房間比較小，但是影響不大。房間打掃的也挺乾淨的，床上用品親膚感也蠻好的，睡着也很舒服。點名錶揚一下風筒，風很猛，長頭髮幾分鐘就吹乾，民宿頂層還有個大露台可以看到海景。有些小小缺點，就是房間沒有電視會缺乏一些娛樂性，還有房間的小窗戶沒有窗簾會有讓人有點會被偷窺的感覺，如果能解決下這個問題就很好啦。,4.5,2024-07-15,2024,7,negative,B05,226
xhs_neg_001,小红书(永安旅游同步),蓝色海岸民宿,民宿,客观的评价：先说环境，整体外面户外环境是好的，室内环境是真的不行。450块住10平米，行李都没地方放，天天被外面的小孩和大人吵闹声吵到，隔音和私隐非常差，室内会有蚊子，具备接送码头服务，总之除了住的难受，外面其他还行。,2.1,2026-03-29,2026,3,negative,B02|B05|B06,109
xhs_neg_003,小红书(永安旅游同步),蓝色海岸民宿,民宿,这间民宿还是有惊喜的，听说新装的，设备挺新，也挺干净，但是室内通风不够空气不清新，总体上还是满意。但是民宿送下午茶餐小哥的业务水平很差，送餐时在无敲门的情况竟然会拉我们房间的门把手触发门锁警报，不知道是有意还是无意，当时确实受到惊吓。,4.3,2025-10-03,2025,10,negative,B05,117
wb_neg_001,微博,桂山岛(整体),景点,走了半天桂山岛，确实是没啥好走没啥好看没啥好吃的，消费也没啥优势期间可言，真就是来躺着最好。,,2026-01-24,2026,1,positive,G01|G02,46
wb_neg_003,微博,桂山岛(整体),景点,暑假遛娃，在珠海桂山岛邂逅一场治愈系海岛漫游。本想着避开人潮寻一份清净。从香洲港出发，40分钟的船程成了孩子们的欢乐时光。(注：此帖虽整体正面，但提到'避开人潮'暗示桂山岛游客稀少的淡季体验更佳，旺季可能拥挤),,2025-07-17,2025,7,negative,B05,105
xhs_neg_007,珠海票务网,旧桂山酒店,酒店,住的旧桂山标准房，酒店一般，服务员说新桂山要好一些！总体来说玩得很开心，不错！,3.0,,,,negative,B03,39
xhs_neg_008,珠海票务网,桂山岛餐饮,餐饮,游珠海桂山岛，吃海鲜营养大餐。住的新桂山酒店，环境还可以。听酒店服务员说岛上只有一千多人，这里安静，安逸，空气清新，生活休闲，车辆极少。但是除了海鲜，其他食物都好贵。,3.0,,,,negative,D01,83
xhs_neg_009,珠海票务网,新桂山酒店,酒店,岛上挺干净，海风吹着挺舒服，没有抹防晒霜，两个小时就把胳膊晒成红烧肉的颜色，新桂山酒店的标准双人间条件一般，空间比较小，总体还凑合。,3.0,,,,negative,B05,66
xhs_neg_010,珠海票务网,桂山岛(整体),景点,旅行社服务不错，风景还是不错的，拍了不少照片回来，不过岛上消费比较没性价比，毕竟开发的比较少所以也情有可原吧。,3.0,,,,positive,G04,55
xhs_neg_011,珠海票务网,桂山岛(坐船),交通,我在桂山岛，这里的水好漂亮啊，可是美丽是有代价的：坐船晕死我。,3.0,,,,positive,G01,31
xhs_neg_012,珠海票务网,桂山岛(整体),景点,桂山岛可以望到大屿山，真想跳到香港去，真系好近....不过好大风好冻，仲差d无命翻来添!!生命第一次出现危机!!!!!大海真系可怕!!,2.0,,,,neutral,,67
xhs_neg_013,知乎(引用小红书),桂山岛(整体),综合,桂山岛的消费会贵一些，要有心理准备，但质量还可以。住宿选择半山腰以上的，不然晚上海上的渔船噪音很大，影响睡眠。不建议买皮皮虾（虽然比较便宜），太难剥皮还老被扎到手。,3.0,2020-09-23,2020,9,negative,B06|D01,82
xhs_neg_014,知乎(引用小红书),桂山岛海鲜市场,餐饮,去海鲜市场买海鲜到对面加工，去多人去的店，要宰总不能够宰我一个吧。,,2023-11-23,2023,11,neutral,,33
xhs_neg_020,知乎(引用小红书),桂山岛海鲜餐厅,餐饮,桂山岛四周环海，不过，那里的海鲜也不便宜，单纯为吃海鲜而去的就很不划算。推荐雄烽海鲜美食、江兴海鲜餐厅。（不要问我为什么，反正多人去的跟上就对了，味道确实不错）——暗示人少的店可能存在品质问题。海鲜市场买海鲜到饭店加工的，省钱肉新鲜（水煮/白灼15元/斤，蒸20元/斤，炒或者椒盐25元/斤）。,,2020-09-23,2020,9,positive,G01|G02|G04,147
xhs_neg_015,小红书(搜索引擎索引),桂山岛(宰客相关),综合,小红书帖子(被搜索引擎索引为'桂山岛 宰客'相关)，帖子因安全验证无法直接抓取。搜索片段显示该帖子与桂山岛宰客/消费陷阱话题相关。,,2024-06-21,2024,6,negative,B05|D01,65
wb_neg_002,问卷星(学术调研),桂山岛海鲜,餐饮,游客满意度调查问卷选项揭示核心痛点：D.不太满意(海鲜不新鲜/宰客、无渔家特色)；E.非常不满意(海鲜质量差、存在宰客现象)。问卷将'宰客'作为独立不满意选项列出，说明这是游客反馈中反复出现的主题。,,,,,negative,A01|D01|G02,99
wb_neg_005,问卷星(学术调研),桂山岛(整体),综合,调查问卷题目涉及：'您对桂山岛海鲜餐饮的满意度'选项中包含'不太满意(海鲜不新鲜/宰客、无渔家特色)'和'非常不满意(海鲜质量差、存在宰客现象)'。问卷还涉及社交媒体(抖音、小红书、微信视频号的海岛美景/海鲜体验分享)对游客期望的影响。,,,,,negative,A01|B05|D01|G01|G02,118
xhs_neg_018,小红书,桂山岛餐厅(小红书用户评论),餐饮,小红书用户主页被搜索引擎索引在'桂山岛 餐厅 难吃'关键词下。因小红书反爬机制无法获取具体帖子内容，但搜索引擎判定该用户帖子与桂山岛餐厅差评相关。,,2024-10-05,2024,10,negative,B05,73
xhs_neg_019,小红书,桂山岛民宿(小红书用户评论),民宿,小红书用户主页被搜索引擎索引在'桂山岛 民宿 差'关键词下。因小红书反爬机制无法获取具体帖子内容，但搜索引擎判定该用户帖子与桂山岛民宿差评相关。,,,,,negative,B05,72
wb_neg_004,南方+(官方媒体),桂山岛(整体),景点,谭紫健对初登桂山的印象极深。那时，妻子作为桂山岛民，带着谭紫健逛遍整座小岛。虽然沿途风景很美，但大热天爬上坡汗流浃背的滋味并不好受。'要是山上有个歇脚纳凉的地方就好了。'(注：官方媒体报道中暴露的基础设施不足问题),,2025-03-20,2025,3,neutral,B05|G01,107
